Workbook

Sheet Выручка
A1: № п/п | B1: Магазин | C1: Годы | I1: Всего за 6 лет, долл. | J1: Доля в общей выручке | K1: Ранг | L1: Тенденция за последние 3 года
C2: 1994, долл. | D2: 1995, долл. | E2: 1996, долл. | F2: 1997, долл. | G2: 1998, долл. | H2: 1999, долл.
A3: 1 | B3: Дом книги | C3: 2456.1 | D3: 2562 | E3: 3323 | F3: 4564.5 | G3: 3983.2 | H3: 3654.3 | I3: 20543.1 | J3: 15,66% | K3: =RANK(I3, $I$3:$I$9, 1) -> 4 | L3: Стабильное снижение
A4: 2 | B4: Книжный мир | C4: 3520 | D4: 3645.2 | E4: 4553 | F4: 3656.2 | G4: 4564.3 | H4: 4564.4 | I4: 24503.1 | J4: 18,68% | K4: =RANK(I4, $I$3:$I$9, 1) -> 5 | L4: Стабильный рост
A5: 3 | B5: Знание | C5: 676.2 | D5: 525.2 | E5: 589 | F5: 756 | G5: 654.1 | H5: 644.1 | I5: 3844.6 | J5: 2,93% | K5: =RANK(I5, $I$3:$I$9, 1) -> 1 | L5: Стабильное снижение
A6: 4 | B6: Наука | C6: 353.3 | D6: 632 | E6: 863 | F6: 863.1 | G6: 1023.2 | H6: 752.1 | I6: 4486.7 | J6: 3,42% | K6: =RANK(I6, $I$3:$I$9, 1) -> 2 | L6: Нестабильные изменения
A7: 5 | B7: Мысль | C7: 7547.5 | D7: 6587.7 | E7: 5896.2 | F7: 5987 | G7: 5987 | H7: 5987 | I7: 37992.4 | J7: 28,96% | K7: =RANK(I7, $I$3:$I$9, 1) -> 7 | L7: Неизменное состояние
A8: 6 | B8: Книжный двор | C8: 655.4 | D8: 731 | E8: 926.1 | F8: 952.1 | G8: 756.2 | H8: 755 | I8: 4775.8 | J8: 3,64% | K8: =RANK(I8, $I$3:$I$9, 1) -> 3 | L8: Стабильное снижение
A9: 7 | B9: Книголюб | C9: 4000.6 | D9: 4562.3 | E9: 5698.2 | F9: 6549.2 | G9: 6987.5 | H9: 7256.2 | I9: 35054 | J9: 26,72% | K9: =RANK(I9, $I$3:$I$9, 1) -> 6 | L9: Стабильный рост
B10: Итого | I10: 131 199,7 | J10: 100,00%

Sheet График

Sheet Себестоимость
A1: № п/п | B1: Магазин | C1: Годы | I1: Всего за 6 лет, долл. | J1: Среднегодовая себестоимость | K1: Максимальная себестоимость | L1: Минимальная себестоимость
C2: 1994 | D2: 1995 | E2: 1996 | F2: 1997 | G2: 1998 | H2: 1999
A3: 1 | B3: Дом книги | C3: 1356.1 | D3: 1452 | E3: 2323 | F3: 2584.5 | G3: 2563.2 | H3: 2586.1 | I3: =SUM(C3:H3) -> 12864.9 | J3: =AVERAGE(C3:H3) -> 2144.15 | K3: =MAX(C3:H3) -> 2586.1 | L3: =MIN(C3:H3) -> 1356.1
A4: 2 | B4: Книжный мир | C4: 1523.5 | D4: 1675.2 | E4: 2153 | F4: 2256.2 | G4: 2464.3 | H4: 2756.2 | I4: =SUM(C4:H4) -> 12828.4 | J4: =AVERAGE(C4:H4) -> 2138.0667 | K4: =MAX(C4:H4) -> 2756.2 | L4: =MIN(C4:H4) -> 1523.5
A5: 3 | B5: Знание | C5: 456.2 | D5: 356.2 | E5: 563 | F5: 563 | G5: 456.1 | H5: 412.1 | I5: =SUM(C5:H5) -> 2806.6 | J5: =AVERAGE(C5:H5) -> 467.76667 | K5: =MAX(C5:H5) -> 563 | L5: =MIN(C5:H5) -> 356.2
A6: 4 | B6: Наука | C6: 257.3 | D6: 520 | E6: 636 | F6: 763.1 | G6: 915.2 | H6: 612.1 | I6: =SUM(C6:H6) -> 3703.7 | J6: =AVERAGE(C6:H6) -> 617.28333 | K6: =MAX(C6:H6) -> 915.2 | L6: =MIN(C6:H6) -> 257.3
A7: 5 | B7: Мысль | C7: 6547.5 | D7: 5624.7 | E7: 4563.2 | F7: 4423 | G7: 4213.1 | H7: 3918.1 | I7: =SUM(C7:H7) -> 29289.6 | J7: =AVERAGE(C7:H7) -> 4881.6 | K7: =MAX(C7:H7) -> 6547.5 | L7: =MIN(C7:H7) -> 3918.1
A8: 6 | B8: Книжный двор | C8: 545.4 | D8: 631 | E8: 736.1 | F8: 823.1 | G8: 615.1 | H8: 918.4 | I8: =SUM(C8:H8) -> 4269.1 | J8: =AVERAGE(C8:H8) -> 711.51667 | K8: =MAX(C8:H8) -> 918.4 | L8: =MIN(C8:H8) -> 545.4
A9: 7 | B9: Книголюб | C9: 2664.6 | D9: 3651.3 | E9: 4668.2 | F9: 4789.2 | G9: 4987.3 | H9: 5123 | I9: =SUM(C9:H9) -> 25883.6 | J9: =AVERAGE(C9:H9) -> 4313.9333 | K9: =MAX(C9:H9) -> 5123 | L9: =MIN(C9:H9) -> 2664.6
B10: Итого | C10: =SUM(C3:C9) -> 13350.6 | D10: =SUM(D3:D9) -> 13910.4 | E10: =SUM(E3:E9) -> 15642.5 | F10: =SUM(F3:F9) -> 16202.1 | G10: =SUM(G3:G9) -> 16214.3 | H10: =SUM(H3:H9) -> 16326 | I10: =SUM(I3:I9) -> 91645.9 | J10: =SUM(J3:J9) -> 15274.317 | K10: =SUM(K3:K9) -> 19409.4 | L10: =SUM(L3:N9) -> 10621.2

Sheet Прибыль
A1: Магазин | B1: Годы | H1: Всего за 6 лет, долл. | I1: Доля в общей выручке
B2: 1994 | C2: 1995 | D2: 1996 | E2: 1997 | F2: 1998 | G2: 1999
A3: Дом книги | B3: =Выручка!C3-Себестоимость!C3 -> 1100 | C3: =Выручка!D3-Себестоимость!D3 -> 1110 | D3: =Выручка!E3-Себестоимость!E3 -> 1000 | E3: =Выручка!F3-Себестоимость!F3 -> 1980 | F3: =Выручка!G3-Себестоимость!G3 -> 1420 | G3: =Выручка!H3-Себестоимость!H3 -> 1068.2 | H3: =SUM(B3:G3) -> 7678.2 | I3: 0.1941
A4: Книжный мир | B4: =Выручка!C4-Себестоимость!C4 -> 1996.5 | C4: =Выручка!D4-Себестоимость!D4 -> 1970 | D4: =Выручка!E4-Себестоимость!E4 -> 2400 | E4: =Выручка!F4-Себестоимость!F4 -> 1400 | F4: =Выручка!G4-Себестоимость!G4 -> 2100 | G4: =Выручка!H4-Себестоимость!H4 -> 1808.2 | H4: =SUM(B4:G4) -> 11674.7 | I4: 0.2952
A5: Знание | B5: =Выручка!C5-Себестоимость!C5 -> 220 | C5: =Выручка!D5-Себестоимость!D5 -> 169 | D5: =Выручка!E5-Себестоимость!E5 -> 26 | E5: =Выручка!F5-Себестоимость!F5 -> 193 | F5: =Выручка!G5-Себестоимость!G5 -> 198 | G5: =Выручка!H5-Себестоимость!H5 -> 232 | H5: =SUM(B5:G5) -> 1038 | I5: 0.0262
A6: Наука | B6: =Выручка!C6-Себестоимость!C6 -> 96 | C6: =Выручка!D6-Себестоимость!D6 -> 112 | D6: =Выручка!E6-Себестоимость!E6 -> 227 | E6: =Выручка!F6-Себестоимость!F6 -> 100 | F6: =Выручка!G6-Себестоимость!G6 -> 108 | G6: =Выручка!H6-Себестоимость!H6 -> 140 | H6: =SUM(B6:G6) -> 783 | I6: 0.0198
A7: Мысль | B7: =Выручка!C7-Себестоимость!C7 -> 1000 | C7: =Выручка!D7-Себестоимость!D7 -> 963 | D7: =Выручка!E7-Себестоимость!E7 -> 1333 | E7: =Выручка!F7-Себестоимость!F7 -> 1564 | F7: =Выручка!G7-Себестоимость!G7 -> 1773.9 | G7: =Выручка!H7-Себестоимость!H7 -> 2068.9 | H7: =SUM(B7:G7) -> 8702.8 | I7: 0.22
A8: Книжный двор | B8: =Выручка!C8-Себестоимость!C8 -> 110 | C8: =Выручка!D8-Себестоимость!D8 -> 100 | D8: =Выручка!E8-Себестоимость!E8 -> 190 | E8: =Выручка!F8-Себестоимость!F8 -> 129 | F8: =Выручка!G8-Себестоимость!G8 -> 141.1 | G8: =Выручка!H8-Себестоимость!H8 -> -163.4 | H8: =SUM(B8:G8) -> 506.7 | I8: 0.0128
A9: Книголюб | B9: =Выручка!C9-Себестоимость!C9 -> 1336 | C9: =Выручка!D9-Себестоимость!D9 -> 911 | D9: =Выручка!E9-Себестоимость!E9 -> 1030 | E9: =Выручка!F9-Себестоимость!F9 -> 1760 | F9: =Выручка!G9-Себестоимость!G9 -> 2000.2 | G9: =Выручка!H9-Себестоимость!H9 -> 2133.2 | H9: =SUM(B9:G9) -> 9170.4 | I9: 0.2318
A10: Итого | B10: =SUM(B3:B9) -> 5858.5 | C10: =SUM(C3:C9) -> 5335 | D10: =SUM(D3:D9) -> 6206 | E10: =SUM(E3:E9) -> 7126 | F10: =SUM(F3:F9) -> 7741.2 | G10: =SUM(G3:G9) -> 7287.1 | H10: 39553.8 | I10: 1
